{"cameraMode":{"drawMode":0,"name":"Shaded","section":"Shading Mode"},"sceneLighting":true,"audioPlay":false,"sceneViewState":{"m_AlwaysRefresh":false,"showFog":true,"showSkybox":true,"showFlares":true,"showImageEffects":true,"showParticleSystems":true,"showVisualEffectGraphs":true,"m_FxEnabled":true},"in2DMode":false,"pivot":{"x":-0.7736066579818726,"y":2.3323915004730226,"z":28.153913497924806},"rotation":{"x":-0.21452881395816804,"y":0.6511070728302002,"z":-0.19949276745319367,"w":-0.7001828551292419},"size":10.168028831481934,"orthographic":false}